AATCAAATTATG,5433,724,0,7816,7911
AAAGTGAAGAGA,3556,718,0,5771,5314
AAAGCCTGGCGA,4930,1081,0,8672,7255
AAAGAGATCTCN,4102,847,0,6723,6168
AAACCTGCTTTT,7152,1517,0,11941,10395
AAACGAGGCGCN,2015,390,0,3032,2970
AAAACCGGGCAT,5546,597,0,7440,7490
AAACTTAGCTCA,9262,1921,0,15247,13193
AAAACGTCAGGC,8529,1419,0,12607,12085
AACGTAGTGTTG,7565,1800,0,13301,11098
AAACTGGCGAAC,13236,3075,0,23029,20117
AAACGCGGAATT,14318,2964,0,22612,20736
AAAGCCCGCAAT,10970,2506,0,18652,16311
AACATGCACGAG,9941,2442,0,17077,15264
AAAGCATTTCGA,9866,2072,0,16451,14332
AACGCGAGCCGN,6423,896,0,9547,8931
AACGGTTCCTCT,9238,1819,0,14626,13013
AACTGGATCTGT,15092,3113,0,24743,22042
AAGCTTTCTCCG,4072,667,0,6028,5619
AACTCGCTTCTA,6572,1290,0,10483,9268
AACGCAAAAGTC,12640,2652,0,21209,18508
AAGACTCCAATA,15019,3018,0,24766,21477
AAGACTGCCGGN,7644,1556,0,12180,11138
AACTTCGTAAGG,17512,2946,0,26959,24410
AACACGACAAAG,9937,2182,0,16556,15309
AAAGTTCTTTCN,10054,1908,0,16021,14190
AAGTATTAGCTT,3582,771,0,5867,5142
AAGACAGTGGTC,3691,728,0,5986,5463
AAGACCATGGTT,5854,1515,0,10599,8745
AAAGGCTAAATC,3768,542,0,5285,5243
AAAGCTCAGGCC,9685,2262,0,16686,14561
AATTAAACGGAG,2905,617,0,4972,4780
AATCAGGAACAA,7311,1564,0,12314,11035
AATAAGCTATTA,2998,634,0,5114,4616
AATACCTTCAAC,6628,1691,0,11671,10208
AATACAGTCTGC,3493,555,0,5053,4953
AACGTCTAAGGN,9590,1983,0,15798,13917
AACTCCGTGAAT,15554,2817,0,24452,21374
AAGGGCGCTACC,3019,598,0,4784,4358
AATGGCCATTTC,10238,1946,0,16731,14454
AATCGACAGCTT,23553,4194,0,36608,33423
AATATGTCTCGG,3348,534,0,4934,4817
AATAGCTCAGAC,4716,798,0,6808,6740
AAGTTCGATCGG,3431,630,0,5434,4763
AAGTGTTGCGGA,4288,490,0,5708,5784
AATATTGTCTCA,3121,542,0,4813,4526
AAGCGCAGGGTC,4967,1151,0,8715,7539
AAGAGCTGCTAG,9078,2051,0,15785,13467
AATGGGCCGAAG,11240,2313,0,18661,16815
AATCCGCCAGAC,2866,337,0,3932,3970
AATCCTTCGGCA,8117,2060,0,15006,11935
AATTTCGATCAT,2225,579,0,3785,3409
AATTAGCGCTCC,5592,1125,0,9200,8206
AATTTGCACTTG,2407,337,0,3350,3335
ACGTTGGCTCAT,13978,3638,0,25479,21150
AATTTTTCCTCT,4975,907,0,7892,7063
ACAGATTCTGGA,5409,1222,0,9023,8169
AATTCTGTGAGT,4971,974,0,8125,7187
ACGAGAACCTAG,2708,419,0,4043,3783
ACGACTAGACTA,4184,437,0,5535,5562
ACCCTGGTACCA,2288,308,0,3243,3101
ACCCTTAATGCC,3348,632,0,5352,4763
ACAACAGACACN,5903,1430,0,10213,9234
ACCTCGACGGGT,6308,1394,0,10896,9464
ACCTAGGTTCAT,14113,3298,0,24542,21041
ACGAGAAGAGTT,5345,1097,0,8844,7740
ACGGGCTTAGTT,13911,2705,0,22075,19502
AAGGCGTCTACT,5367,701,0,7555,7236
AAGGCGCTACCT,9661,2211,0,17192,14692
AAGTACAGCAAG,6506,1229,0,10350,9637
AAGGTACGCAAN,7152,1464,0,11559,10448
ACATCCGTGGCC,6592,1410,0,10784,9665
ACATCGGAATAG,19011,2968,0,28408,26625
ACAATCTGTGAG,7824,1678,0,12968,11489
ACTTCGTCCAAA,2968,631,0,4738,4265
ACTGGTTCAACN,7220,1434,0,11562,10251
ACTACTGGCCAT,3486,730,0,5771,5080
ACTACGATCCTT,15752,3174,0,25812,22955
AGAACAACTCTC,2658,373,0,3746,3601
AGAAACGAAGGT,10764,2019,0,17317,15620
ACTTCGTCGCGG,17396,2940,0,27271,24369
ACTAAGGGCTGG,5916,1302,0,10060,9659
ACTCCCTGCGAG,4760,1028,0,7875,6924
ACTAGTGGCCCC,4941,1235,0,8875,7493
ACTTGGTCTTCN,3819,804,0,6321,5515
ACTCTGTATGGC,7763,1916,0,13585,11578
ACTACAGTCCCC,3563,1030,0,6587,5539
ACAATGTACGGT,2382,538,0,3964,3576
ACTAATCTCCCA,6644,1253,0,10596,9677
ACACGGCAGCGT,5411,1617,0,10525,8722
ACACAAGCCCAG,8365,1867,0,14145,12867
ACACGGGCTATA,2120,493,0,3765,3247
ACATCGTTGTCA,2663,694,0,4796,3914
ACATGGATATTG,4404,939,0,7239,6450
ACCATCCCTCCA,2576,437,0,3917,3632
ACCAGTCGCAAT,4066,582,0,5967,5752
ACGGTCTTGGCG,3331,893,0,6371,5148
ACCGAGTGACTN,2861,668,0,4962,4304
ACCGCATGCGTG,5081,1165,0,8679,7553
ACGGTCCGCATG,8708,2077,0,15070,12888
ACGAACCGGATT,4966,1124,0,8692,7410
ACCCGCACGAGC,3160,861,0,5922,5047
ACCCGAACTCTG,4327,1441,0,8943,7252
AAGTACCTCCGC,3821,827,0,6408,5661
AAGTATCTGGGN,5023,1179,0,8419,7582
AAGTCGGGTGCN,3316,681,0,5148,4819
AAGTCACTCCTC,6546,1169,0,10267,9077
ACCCTAACAAAA,1970,206,0,2623,2580
ACCGTCCAATTG,3191,595,0,5117,4429
ACGTTCTTCGGG,2107,489,0,3489,3083
ACGTCGTATACN,4252,948,0,7309,6177
ACCACTTCGAAG,2679,601,0,4739,4059
ACATTGCGAAGN,4832,905,0,7760,6862
ACCGAACGTCGA,1967,252,0,2723,2707
ACCGACATGCCN,6888,1101,0,10463,9893
ACCCTCCACAAA,7967,1791,0,13573,11618
ACCGGCGTTCAC,5950,1464,0,10713,8991
ACGTAGGGTGGN,2566,529,0,4211,3926
ACGTCGGCAGAA,5049,1019,0,8248,7429
AGACGCAAGTCT,5127,779,0,7570,7015
AGACCCCTCAAG,4396,1095,0,7695,6483
AGCAAGGTATAC,4371,827,0,6993,6572
AGATGGGCCCAA,6675,1319,0,11134,9760
AGAGCCAAATAT,2916,615,0,4717,4244
AGACGGTTCGCT,4946,957,0,7912,7077
AGCATTTATCAC,7071,1680,0,12395,10416
AGCCAAACTGGT,9626,1998,0,15727,14590
AGAACGACGGTA,18609,4204,0,31316,27959
AGAAGCCCACTA,7063,1488,0,11395,10159
AGCAGACGCGTG,10332,1620,0,15655,14748
AGACCCCGAGTN,7244,1593,0,12061,10373
AGAAGTCGTCTT,18778,4633,0,33182,28219
AGAGTTTCTACT,3907,559,0,5590,5332
AGATAGGGTCAA,7715,1430,0,12344,11378
AGCACAATGTCN,13990,2730,0,22570,20413
AGCCAAAGCTAA,7048,1407,0,11259,10557
AGCCCGATGCAT,9007,2115,0,15754,13641
AGCTAGCTCGCC,5710,1476,0,10121,8901
AGCCAGGGGAGN,6318,1469,0,10993,10115
AGCCTGCCGGAG,8013,2342,0,15219,12604
AGCCCGGCACGN,4669,734,0,6851,6619
AGCTCACAACCT,3372,885,0,5751,5086
AGGCGGGCGGTA,3713,731,0,5975,5402
AGGCTATGAATG,7958,1562,0,12063,11184
AGTACCCGAGAN,3733,683,0,5767,5289
AGCCTCGGAACT,11203,2768,0,19483,16792
AGGCCAGGTCAG,4743,1045,0,7899,7001
AGCCTTTTAAAA,2475,604,0,4277,3648
AGCCTTACTCAT,10758,2309,0,17903,15562
AGGAGCACCAGC,2202,318,0,3150,3006
AGCCAGTTTAGN,7780,1622,0,12912,11402
AGGCCCCATGAG,3773,909,0,6742,5695
AGGAGTCACCGC,5325,1184,0,9109,7769
AGCTATAGCTTA,2280,315,0,3223,3163
AGTTACGCCGTC,4716,440,0,6326,6385
AGTGTGAGGAGT,21290,3851,0,33712,30510
AGGTCCTTGCTC,2266,472,0,3747,3220
AGGTAGCCCCCN,6637,1511,0,11274,9880
AGGGCCGCAACA,2087,488,0,3571,3091
AGGTTCCGCGGT,4620,629,0,6378,6188
AGTAAGTATCTG,13726,2432,0,21282,19920
AGGTGATAAGAA,6075,1418,0,10408,8820
AGGTGAACCCCG,6547,1475,0,11073,9465
AGGTTTAAGGCT,5619,1219,0,9516,8167
AGTAGAAGCACT,4609,923,0,7477,6774
AGTAGCTTTCAC,5558,644,0,7601,7425
AGTCCCTCGACG,5512,1003,0,8251,7735
AGTATTGCAGCG,7810,1665,0,12996,11680
AGTCGCACGTTA,2719,844,0,4854,4273
AGGTGTTATGCC,5691,1325,0,9666,8197
AGGTGGTTGCCC,6232,1302,0,10378,9038
AGTAATCACGAN,15650,3010,0,25417,22622
AGGACTCTAAGN,3607,607,0,5378,5020
ATACCGGAAACT,2011,282,0,2881,2751
AGTCGGTTTTTA,3420,550,0,4933,4561
AGTTTTACACAN,2516,421,0,3730,3471
ATAATGGCTCAN,7434,1627,0,12587,10935
ATACAAAATACN,15282,2422,0,22993,21389
AGTTTGGAGGTN,4778,995,0,8157,7053
AGTTCGATGAGC,9495,2455,0,17254,14639
ATAAGCAGGCTA,5368,786,0,7794,7437
ATAACTAGACAA,6484,1299,0,10695,9140
AGTGGCGCTCAC,8192,1893,0,13989,12353
AGTGGATGCTTA,14043,1796,0,20139,19096
AGTCTGTGATCT,6362,1354,0,10853,9088
AGTCTGGCATGC,10826,3088,0,20775,16805
AGTCGGTGTAGA,10277,1478,0,15081,13991
ATAATGGCACGC,8101,1717,0,13428,11843
ATCATCCCAGGC,13076,2172,0,19872,18123
ATACCTAGAAGG,6091,1277,0,9808,8794
ATCAAGTAAACG,6349,1100,0,9626,8989
ATATTTCGCGCT,5892,1225,0,9741,8619
ATCGCAAGCGTG,1963,318,0,2861,2745
ATCGTCAACCCA,3936,840,0,6412,5739
ATCGAAGGACAG,2923,373,0,4005,3922
ATCGAAGTGAGG,5803,1043,0,8782,8416
ATGAGATATTGA,3952,755,0,6309,5526
ATGACTCATCAN,6854,1598,0,11700,9822
ATTGAATGCTGC,3358,624,0,5581,4885
ATTGCAACTAGC,7488,1122,0,11017,10320
ATACTTTGCAAA,3319,773,0,5922,4817
ATGCTGCTTAGT,12020,2224,0,18715,16659
ATCATATGAGCG,4971,1340,0,9060,7524
ATCCAGAAGCCA,7740,1623,0,13092,11260
ATCCGAAAAGCT,10609,1316,0,14619,14064
ATTAACCATTTG,2151,236,0,2850,2762
ATGGTCAGGATG,3992,682,0,5845,5553
ATCCGGTAACTG,2099,371,0,3275,3256
ATCTACGCATGT,2337,433,0,3785,3322
ATCTCCGTGCCN,12749,2814,0,21501,18375
ATATACTCTATA,5688,1121,0,9243,8350
ATGTCGCATAGC,6658,1317,0,10727,9247
CAAGGCTAAGAA,6707,1583,0,11617,10250
ATCGTTTATCAA,10617,1994,0,16657,14559
ATAGTAAGTATN,11356,2574,0,19712,17319
ATGACCTATTTC,3069,593,0,4872,4301
CAAGGTGCCTGA,2241,483,0,3619,3338
CAAAGATTGATC,4058,530,0,5595,5736
ATTACCCACTAT,2247,467,0,3695,3144
ATTAGTCGGACN,6398,829,0,8918,8731
ATTGGAGGTACG,4002,445,0,5318,5355
CAAGGTCGTATT,12875,2261,0,20037,18125
ATTGGATAGTAT,8920,996,0,12297,11889
ATGACATCTGAA,3272,677,0,5423,4672
ATTGCTGCCGCG,11198,2496,0,18990,16312
ATGACATTGAAN,4778,1054,0,7907,6818
ATTCTGGATTTA,15223,3408,0,25627,21684
ATTGGCTCGAGA,12596,2786,0,21389,18750
ATGCTTCGCAAC,9532,1849,0,15661,13341
ATTTCGGGAGCN,1954,308,0,2841,2700
ATTTCATCAGTC,7377,1517,0,11908,10519
ATCATAGGACTG,10879,2104,0,17668,15611
CACGGCGGAGTC,10418,2736,0,19131,16023
CAACCGGCAATA,2836,570,0,4519,3989
CAAGGAACGAAT,4859,957,0,7559,7120
CAAATTTAATTG,5690,1246,0,9767,8355
CAATGGTACTGG,6973,1777,0,12530,10678
CAAGCCTAGATC,13665,2699,0,22372,19708
ATCTCAAGATTT,5222,913,0,7792,7127
ATTTCAGGAATG,2294,305,0,3303,3121
ATCGATAGGATN,12057,1584,0,17149,16240
ATCTCTCTTGAN,3089,349,0,4240,3918
ATGCGGTTAGTA,4643,457,0,6030,5931
CAAACGCCGTTN,2447,527,0,4372,3633
ATTTGTGACGTT,4084,568,0,5703,5587
CAAGTCTCGAGA,3332,658,0,5105,4867
CACGAATCGAGA,11027,2246,0,18591,16255
ATGCGCCTTGTA,4443,985,0,7530,6355
CAATCTGTCTAA,3263,375,0,4459,4269
ATATCTGTGTGG,3351,382,0,4479,4469
ATCTAAGAAGCA,5581,853,0,8365,7785
ATCCACTTGGAG,8774,1763,0,14382,12653
ATGCCAGTCCAC,4606,828,0,7074,6503
CAAGAAATCTTT,6430,1413,0,10837,9628
ATGATCATCTGN,8311,1514,0,13153,11588
CACAAATCAAGA,12114,2453,0,19944,18209
CAAGCACACCAA,12229,2904,0,21368,18009
ATTCCGAAAGTA,3294,553,0,4847,4530
ATTCAACCGTCG,6642,868,0,9496,9004
CAAGCACAGACC,2697,358,0,3784,3734
ATGTCTAGAAAG,7183,1701,0,12274,10480
CAACCTCTCCAC,11255,2329,0,18619,16475
ATTGGGGTATCC,3106,481,0,4502,4355
ATTGTCTTTGGC,7589,1341,0,11526,10523
CAACGTATCCTT,32661,6262,0,52500,46175
CACAACTCTCAC,1934,362,0,2922,2793
CACAGTGTATGT,6642,1207,0,10183,9572
ATCTATGCGAGT,3452,544,0,5058,4775
CAATCTCGTATC,2532,402,0,3835,3593
CACCAACGGACA,11887,2376,0,19923,17347
CACCATTCGGTT,11265,2306,0,18242,15973
CAATCGCCCTCC,23875,4295,0,37464,33677
ATGTCTCGCATC,7982,2004,0,13964,11774
CACATTGAACGA,7854,1570,0,12865,11221
CAAATGTGGACC,4603,1033,0,7848,6996
CACTCAAGCTCG,16276,3190,0,26466,23363
CACGGGACAGTN,17217,3790,0,28716,25716
ATCGTCACCAGN,5012,978,0,8026,7184
ATCATAGTAGCN,14976,2676,0,23200,20985
ATTCTCCCGATA,5657,1025,0,8908,7727
CACGAAACTAGA,2621,377,0,3903,3617
CACCGGATCATN,9742,1784,0,15700,13874
CACTGGCTTCCG,4671,895,0,7414,6488
CACTTCGAAGCC,5735,1050,0,9096,7936
ATTCGATCGGCT,7439,1709,0,13117,10888
ATTCTATCCGGT,9379,2150,0,15964,13659
CACTTTTCGGCN,2628,390,0,3678,3554
CAGACGGCCTGG,6717,1333,0,10924,9780
CAGGTGCGTAGC,7127,1401,0,11646,10354
CAGCACCTGGGA,4301,538,0,6137,5823
CAGCATAATAGT,4328,917,0,7342,6432
CAGGCGGCATGG,18545,4775,0,33058,28884
CAGATGTAGAAC,9103,1675,0,14557,13051
CAGACTCAGAGT,11457,1857,0,17171,15907
CAGTCGAGCCGG,2547,450,0,3912,3639
CAGTTATTAAGN,3737,541,0,5535,5037
CACTTTGTTACT,3518,539,0,5089,4776
CAGCTAGATTGN,6540,1131,0,10101,8921
CACTTCGGTGGC,12196,3329,0,22369,18513
CATACGGGAATT,3271,328,0,4407,4351
CATACAACTGAC,3705,555,0,5375,5122
CAGAGGATAGGT,1958,285,0,2848,2819
CATCCGAACGCA,8610,1570,0,13296,12188
CATCCCAACATG,9245,1600,0,14382,12583
CATCTACTCACG,10721,2086,0,17215,15182
CATACTTTTAAA,3211,813,0,5716,4800
CATCGATTTGCG,1934,361,0,3077,2670
CATGTCTCAGTT,3525,567,0,5154,4808
CATTGGCATCTN,2866,671,0,5060,4208
CATCGCCACCTG,2111,516,0,3460,3061
CATCTCTTTATT,12300,2211,0,19965,16534
CATTGTAATGTC,2527,525,0,4042,3633
CATTGGTGCCTC,5561,1240,0,9175,8084
CATCGAACGACG,30967,5730,0,48973,44386
CATGATTTGGAA,4310,692,0,6705,5937
CATGTATAAGAA,3684,740,0,5782,5342
CATCCTAAGCTA,9707,2138,0,16274,13936
CATGGGGCGTGA,4278,843,0,7010,6343
CCACATCGCACA,5445,1260,0,9623,8239
CCCACGCTTTAA,1940,330,0,2865,2668
CCACCTGTGCAG,8855,2181,0,15501,13246
CCCACAGTTGCT,8872,2374,0,15927,13564
CCAGAAATAAAC,6617,1189,0,10461,9511
CCACGAAAGCTT,9562,2221,0,16113,14096
CCAGTGCAGTTT,1935,505,0,3529,2914
CCAGCAGTTCAG,5136,963,0,7813,7184
CCAGTAAGTAAA,4087,346,0,5368,5257
CCAGATAGACAA,14171,1773,0,19751,19128
CCCAACGCCCGN,7743,1722,0,13314,11455
CCATTATTGGAC,7432,1284,0,11442,10322
CCCAATGTACTA,2186,281,0,2969,3005
CCCACCAATTAN,2606,710,0,4452,3898
CCGACCGTGTTG,4567,970,0,7439,6481
CCCCTTAACAGA,4765,789,0,7533,6453
CCCCCCATTCTA,4689,1259,0,8995,7619
CCCCAAGTCAAT,8113,1744,0,13703,11959
CCCATCGACTGC,17990,4781,0,34201,27418
CCCTATACACAC,3814,994,0,7071,5773
CCCCCGTTCTGG,9545,2165,0,16173,14200
CCCTCTTTATGN,9745,1746,0,15304,13329
CCCATCTTTATG,2932,489,0,4530,3956
CCCCCTCACTGT,2935,893,0,5603,4793
CCCACTGGCACG,9790,1787,0,15540,14094
CCCTTACGGTGG,4609,658,0,6548,6087
CCCTGGGCGCAA,11066,2026,0,17754,15513
CCCTGTTCGTCG,11397,2697,0,19909,16765
CCCTTCGCGGCC,9330,2911,0,18555,14655
CCGCAAATTATA,5353,1082,0,8801,7751
CCGCAGATGGTC,6483,1416,0,10748,9870
CCGTATGTTGCC,10425,1854,0,16229,14742
CCGCAGCCGCCT,3725,844,0,6502,5499
CCGCAGGAAGGC,4759,712,0,6874,6686
CCGACTAGTCGC,3575,736,0,6012,5106
CCGCAACAACAA,4720,989,0,7749,6813
CCGAGTCCGACA,13217,2854,0,22145,19154
CCGCTTTGTCCT,8630,1628,0,13929,11720
CCGTATCTTCAG,3537,694,0,5693,5023
CCTAGCTAATAG,5556,1078,0,8876,7892
CCGGCCTTGGTG,15852,3343,0,26594,22862
CCGCCTTAGGGC,4911,1170,0,8545,7295
CCGCCTTAAGAN,3230,679,0,5352,4569
CCGCTGAGCGAC,6413,1407,0,10616,9154
CCGTGATCTTCT,3913,531,0,5437,5105
CCGTGTGGTCCG,5945,1693,0,11422,9076
CCTCGTTACCTN,2299,564,0,4255,3290
CCTGCATACTCA,4314,922,0,7334,6192
CGACAACGAGCC,7200,734,0,9704,9656
CCTCAGATGTCG,4151,536,0,5769,5685
CGAGACCGGAGN,14479,2395,0,22349,20588
CCTCAAATGACA,14889,3263,0,25562,21908
CCTAGAAACATC,2058,412,0,3306,2949
CGAAGGTGTAGG,1955,356,0,2930,2824
CCTAGAGTCAAG,4622,1243,0,8423,7156
CCTCATGACGTT,2729,416,0,3992,3655
CCTCCCTTTACC,11949,2835,0,20908,17221
CGAGTAAGCTGT,6989,1444,0,11195,10266
CGAGGACCACGC,7221,1545,0,12253,10566
CGAGGGTGGCTG,8983,1368,0,13371,12991
CCTTTCAGCCTA,17993,2156,0,25100,23613
CGATCTTAAGAA,9167,1622,0,14182,12498
CGATAACGTGTG,11492,2644,0,19485,17263
CGAGTTAACTTN,2134,315,0,3164,2928
CGAGTGCATTTN,13340,2584,0,21418,18773
CGATGAATAATA,8855,1732,0,14978,12717
CGCCATACGGCG,3982,1129,0,7360,6184
CGCAGATAAGGN,10515,2491,0,18554,16008
CGCAAGATAGGG,2093,299,0,2941,3016
CGCAAGCGAGAC,15410,2560,0,23585,22044
CGCCGCCGGGCT,2049,402,0,3328,3023
CGCCTGCGACTA,3127,575,0,4660,4368
CGCCTGCTAATC,10588,1775,0,16099,14575
CGAGTACTTAAA,11352,2031,0,17908,15898
CGCGCATCTGCA,2171,918,0,4399,3690
CGGATACTGTGG,2889,328,0,3816,3830
CGGTGGGTCACT,3251,956,0,6403,5112
CGGTTGGAAAGT,8779,1635,0,13690,12297
CGTCCTGTAGTC,12122,2304,0,19895,16873
CGGATCGATGAT,8939,1930,0,14884,12967
CGGGAGCCTCGC,9211,1759,0,14263,13226
CGGGACTATCCC,9874,1649,0,14596,13577
CGTCATCCACTC,10491,2250,0,17642,15266
CGCTTAAGTGCA,3450,565,0,5162,4809
CGCGCGTAACAG,2495,504,0,3809,3676
CGTGTTACTTTG,3855,806,0,6124,5467
CGTTGGCCTCCT,6615,1338,0,10174,9391
CGTAGCTTACAT,2161,583,0,4371,3290
CGTAGTTAGTAA,4133,432,0,5714,5510
CGATTCAACGTN,3299,361,0,4543,4439
CGATTGATCCCG,16145,3079,0,25256,22915
CTAGGTGCCAAG,11870,2479,0,19590,17181
CGTGAAGACCAG,4846,762,0,6898,6747
CGTGAACTTTAC,8933,1954,0,14910,12941
CTAATTGGTGCC,14146,2771,0,22458,20206
CGGCATCTGAGG,4716,1054,0,8024,6970
CGTCTGAATGGN,4278,589,0,6084,5709
CTAACCAAAGGT,8093,1454,0,12782,11381
CTAATCATTGAG,6406,1214,0,10466,9010
CGGTTTGGCTTC,2824,772,0,5173,4281
CGGCTTAACTGC,2956,608,0,4621,4193
CTACGAGCGGAC,9227,2477,0,16883,14159
CGGCGGGGCCGA,3727,1072,0,6912,5682
CTAGAACCATAC,3911,836,0,6330,5572
CTACCGGCTGAG,3807,571,0,5447,5264
CGTTCACTGCAG,5113,684,0,7141,6803
CTAGCACCCTCC,3685,691,0,5911,5227
CGTAAAACGTGC,6514,1225,0,10418,9655
CGTCTGGCGATC,8045,1289,0,11917,11167
CTATTACGCCCC,10061,1940,0,16145,14068
CTATTCTTCTCG,10652,2901,0,20908,16263
CGTGTTCTAAAC,19705,4212,0,33075,28606
CGTGAACACGTC,4577,672,0,6595,6310
CGTCACTTGGCC,6977,1724,0,12487,10472
CTACAACATGGG,2031,304,0,2875,2813
CGTCGCAGTTCN,4616,1191,0,8057,6842
CTAAGCCGTATN,5772,814,0,8224,7699
CTACCGTTACCT,9022,1997,0,15551,12737
CTAAGATAAATA,9918,2302,0,17220,14750
CGGCTTCTTCGG,8626,2272,0,15874,12848
CTGACGTATACG,6207,1765,0,12058,9447
CTCTCATAGACT,16040,3669,0,27545,22938
CGCTTTCGTCGA,13364,2916,0,22617,19192
CGGGGTGAAGGT,6158,1360,0,10696,9171
CTCCTCAAATCA,17358,3836,0,29935,24649
CTCGAGAGGCGC,18870,4022,0,32325,27640
CGTGGCTGAGGA,2407,639,0,4408,3732
CGTGTCCATCAN,10267,2016,0,16307,14313
CGCTTCAATCAA,8993,1275,0,12968,12145
CGGGTGCCTGTG,4453,821,0,7296,6411
CGGTCTCAGGAT,4901,1144,0,7971,7058
CTGGCTGATTAG,9450,2006,0,15518,13259
CTAGTTAGATAN,2625,542,0,4449,3702
CTAGTTGCCTGC,15751,3609,0,27437,23154
CTATCGCAGTAA,6331,1321,0,10649,8995
CTCAAGCGCGGC,7750,1835,0,13690,11559
CTATCACGTGAT,5313,649,0,7237,6936
CTCGGACCGCAG,4520,1281,0,8834,7109
CTCGTTTTTTAA,2018,1105,0,5427,5971
CTGAATTAGCTT,7252,1244,0,10927,10036
CTCTAATCTGGA,2530,363,0,3767,3441
CTGAGGGCAGTA,6154,1666,0,11693,9383
CTGAGCCCGACA,8092,1800,0,13815,11697
CTCTTGCTAGGT,12097,2833,0,21102,17506
CTCTGTCGCCGG,2051,522,0,3620,3067
CTCTGACCAGTC,4699,1059,0,7848,6671
CTGATACCTCTA,3231,382,0,4430,4204
CTGCCGCAGGGT,3335,832,0,5507,4785
CTCATTCCTAGG,3827,845,0,6261,5511
CTCCAAATATAN,10709,1838,0,16084,14568
CTCATACGACAG,9071,1872,0,15077,12968
CTCACCTCTAAA,10783,1885,0,16965,14720
CTGATTATAACG,6893,1310,0,10669,9424
CTGATACCTGGA,8027,1856,0,13818,11709
CTGGCCATTCTC,7822,1629,0,13186,11097
CTGGGCATGGAA,13985,3468,0,24716,20882
CTGGAGCTTCCT,5391,729,0,7702,7186
CTGCTGTACTTC,4224,836,0,6788,5830
CTGTGACGGATT,24544,5347,0,41496,35145
CTGGGCGTTTCC,15125,3249,0,25611,21606
CTGACATAGGGC,2088,278,0,2894,2851
CTGATTGGGCCG,12718,3272,0,22542,19081
CTCTACCGGTTC,28818,4933,0,44661,39133
CTGGCGCGCAAA,4067,875,0,6436,5862
CTGATTGTCACG,4651,1022,0,7953,6823
CTCCGATCAAGT,6790,781,0,9112,8653
CTCCACTACGTT,7994,1701,0,13263,11269
CTAGCAGAGGGC,4864,1024,0,7889,7164
CTGACAGTGTAG,6562,1276,0,10569,9168
CTGTGCAGGATG,7141,1203,0,11025,9987
CTGTGGAGCTAA,11548,2723,0,20086,17076
CTGTTGGTTGTN,5905,1655,0,11159,8917
CTTCCGATAAAC,5833,849,0,8241,7683
CTTCGAGCCGGG,5070,1375,0,9182,7725
CTGTTCCCCAGA,3021,563,0,4905,4273
CTGTTGCAGCGC,4142,690,0,6227,5660
CTTGAGCCGTCN,5530,1140,0,8921,7908
CTTCTCCTTGTA,8850,1347,0,13024,11612
CTTAAAAGTCCT,2355,492,0,3661,3409
CTTCAACAGGTT,5408,725,0,7485,7140
CTTGGACGCGCG,3488,677,0,5361,5007
CTTGGACAGTTN,6782,1399,0,10924,9579
CTTGATTAGCTG,12068,2702,0,20365,17457
CTTGCGTAAATG,10713,2371,0,18064,15476
CTTGCCCCCTAA,11814,1465,0,16896,15626
CTTGGATTTGCG,7621,2071,0,14300,11572
CTTCACCCCTGG,14165,3404,0,24782,20674
CTTGTTAAGGGG,7921,1438,0,12303,11143
CTTGTCGTTAAN,5263,857,0,8066,7215
CTTGGGGATTCG,11210,1391,0,15626,14815
CTTTGCTTAGCC,3157,610,0,5072,4548
CTTTTTCCGAAT,4453,771,0,6877,6138
CTTTACGGGTTG,2283,555,0,3938,3381
CTTTGGACGAAT,14838,3331,0,24869,21718
CTTTCATCGTAA,12983,2906,0,22135,18545
GAAATTAGACTC,2603,303,0,3563,3549
GAAACCGGCAAG,6314,1537,0,11154,9711
GAAACTCACCAA,2934,606,0,4557,4243
GAACAGGAGTCT,13166,2633,0,22022,19982
CTTTTCTAACTT,1937,254,0,2656,2542
CTTTTCATTGAC,4222,916,0,7212,6082
GAACCATCCCGA,2642,377,0,3684,3567
GAACTTCGCTGA,7928,1619,0,13199,11202
GAACGCTTCTAG,14292,2699,0,22872,20306
GACAACAATATA,12982,2597,0,21364,19352
GACAGGCTCTGC,10506,2834,0,19499,16167
GAAGCCCATGCG,13528,1533,0,18673,18043
GAAGGTCCCGTT,2484,466,0,3923,3601
GAATACGGAAAN,5894,1205,0,9730,8830
GAATAGAGTAGA,2320,448,0,3696,3538
GACCACCACTTG,9822,2122,0,16534,14247
GAATGATATACC,2009,189,0,2674,2662
GAATGTGATCTA,12217,2356,0,19465,17581
GAATCGTGAAAG,6850,1084,0,10203,9402
GAAGGACGGGAA,7712,1808,0,13253,11796
GAAGTAGTGATC,7643,1112,0,11392,10682
GACATTAGGATT,3404,430,0,4701,4581
GACATTCCGAAA,3227,376,0,4403,4350
GAAGGTGAAGGC,8947,2285,0,16051,13923
GACCCAAACTTT,10744,2109,0,17768,15393
GACTTGATGCAG,4358,942,0,7186,6270
GAGCGTAGACGT,10190,2131,0,17303,14675
GACCCTGCGGGA,4607,1097,0,8093,6908
GAGGTAGCGTGG,7844,1653,0,12872,11688
GACAGAGGTTTT,14700,2848,0,23942,21387
GACGCAGACAAA,9225,1537,0,14102,13186
GACGCGGTTAGG,4960,1063,0,8447,7417
GACCCAGCAGCC,3680,927,0,6819,5652
GAGAGCCCCAGG,7102,1708,0,12143,10530
GAGATTAATGCT,6889,1227,0,11015,9774
GAGCAGACGCTA,2734,651,0,4549,4129
GAGATTATAAGA,1957,246,0,2719,2595
GAGCTAAAGAAN,2749,450,0,4104,3759
GAGCTCTACGTA,5091,1297,0,8857,7531
GAGGATATCTCN,6737,1624,0,11503,10193
GAGCTAGCAGAT,6203,1292,0,9969,8929
GAGGGAACGTAA,5760,1225,0,9532,8305
GACTGGGCTACA,3938,1014,0,6624,5994
GACTTAAGGGAA,4834,999,0,8062,7015
GAGCGGGGCTAT,3637,757,0,6080,5407
GAGTATGCGTAC,6236,1345,0,10665,9121
GATAAGCCAAAT,11753,2162,0,18578,17340
GAGTCGGATGTC,8353,1258,0,12342,11562
GATAATCCGTGT,4251,560,0,5967,5981
GATCCCACTCTA,6599,1422,0,11260,9603
GATCAGACGTAG,4868,1080,0,7651,7407
GATAGCTTTTTA,3183,268,0,3984,4140
GAGTGTTGAAGT,10205,2383,0,17899,15184
GATAAGTTTCTG,3543,901,0,6235,5590
GATCGGGCAATT,4973,1109,0,8369,7437
GATACTATCCAC,2718,498,0,4357,3943
GATACTGTGGGA,4356,724,0,6516,6321
GATAGACGTCAT,2024,443,0,3310,3061
GATAGCAGGCTN,16142,3762,0,28409,24954
GATACGCACTTN,6021,1228,0,9911,8703
GATCGCATGTCG,2403,541,0,3833,3542
GCACACCGGCTN,3414,668,0,5594,4945
GCAATTACCGGA,10556,1990,0,16788,15161
GATGTTGTTATN,7385,1237,0,11495,10179
GATGGCTTCTAN,8631,2059,0,15217,12787
GATTGAATACTA,7669,1047,0,11172,10448
GCACGCAGCGAG,5468,1424,0,10051,8428
GATTCCTTGTAG,5122,855,0,7682,7133
GCACGCCTGGAG,5410,1532,0,10909,8649
GATTAGAAAGAT,3632,732,0,6024,5574
GATGCTACACAC,1980,333,0,2876,2810
GATGCCAGGGTC,7447,1725,0,12877,11211
GATTGATGCCGC,5227,1210,0,8869,7748
GATTCGAAGGCN,6410,754,0,8617,8672
GATTCGGAAGGC,2138,248,0,2906,2985
GCATGCCCATAA,2177,422,0,3916,3310
GCACGTGTTATA,14438,3229,0,24195,21159
GCAGCCTTAGTT,4079,414,0,5373,5365
GCAGGCTAGAAG,7665,1818,0,13578,11589
GCATGTTTTAGA,14921,2365,0,22951,20434
GCAGTCTGACGN,2442,833,0,5257,4000
GCATCTTTAGCC,8136,1446,0,13147,11229
GCCAATGTATGT,7280,1374,0,11663,11114
GCATTCGCCCTT,6810,1818,0,12702,10279
GCCAGGTATGGA,20483,4071,0,33109,29544
GCACTCATAAAG,9243,1823,0,14455,13160
GCCCGCGGCGAG,3544,792,0,5652,5078
GCCATCGGACCG,3168,624,0,4916,4511
GCCATTTGGTCC,3441,690,0,5580,4834
GCCCCTACAGTT,4227,570,0,6023,5726
GCCCGCCTCCCN,12370,3055,0,21685,18621
GCCCATGACTCC,4909,1086,0,8590,7253
GCCCAGTACAGC,11269,2303,0,19238,16876
GCCTTAATCAAA,4742,518,0,6393,6184
GCGAAAGTTGTA,6359,1317,0,10624,9502
GCCGCGTAACTT,4052,881,0,6720,5754
GCCGTCGTCTTN,2105,489,0,3652,3092
GCCGATACCCCC,4581,981,0,7722,6763
GCCTCGCTCGCC,2669,536,0,4127,3799
GCCTGCTCGAAT,2957,545,0,4493,4121
GCCCTCCACGCT,2657,636,0,4721,3948
GCCCTCGCTCCA,6020,1436,0,10457,8893
GCCTCTGAAATT,3750,500,0,5170,4974
GCCTGAAAGTCC,12350,2344,0,20184,17368
GCGACTAAACAA,3268,560,0,5155,4516
GCGACTTTTGTG,4193,919,0,7077,5960
GCGAGTCGCCTG,7523,1974,0,13551,11290
GCCTCCACAATT,6711,1688,0,11821,9809
GCGAAGCCTCCA,5284,1057,0,8368,7612
GCGACACAGGGT,6062,1420,0,10428,9111
GCGTCACATCCG,13413,3071,0,22982,19377
GCTATCGCCTTT,6421,864,0,9245,8767
GCTATGAGATAA,7293,1762,0,12668,10971
GCGCACGAACGG,15661,2166,0,22891,21564
GCTCCAATGACA,34863,6180,0,54505,48892
GGAACTCGCCGN,5881,1053,0,8873,8411
GCTAATCCGCCG,10201,2680,0,18582,15785
GCTAGGGGTAAT,3860,965,0,6719,6020
GCTAATTGGTTT,6353,1258,0,10132,9572
GCTATGCCGAGT,16775,4504,0,31215,25866
GCTCTCGTGATT,11847,3074,0,21665,17399
GCTCACGTATAA,8017,1522,0,13000,11289
GCGATCGCTAGT,12900,2587,0,21044,18310
GCTCCCTAGCGA,6462,1257,0,10371,9126
GCGGTTAATCGN,16901,3029,0,26445,23287
GCTCGGCTCCTG,2596,889,0,5459,4228
GCTGCTAACGAC,5777,1586,0,10946,8749
GCTTAACTTTGC,5558,990,0,8585,7857
GCTTAATATATT,4496,978,0,7460,6727
GGAACCGAAACC,4172,1170,0,7894,6422
GCTTGGGCAGGG,6855,1528,0,11822,10014
GCTTACACCTTT,3318,557,0,4939,4549
GCTTGAATGGCN,8930,2075,0,15338,13243
GCTTGATAAAAA,4829,1054,0,8011,6918
GCGTATGACTTC,4404,1133,0,7967,6521
GGACACCGAGCC,2248,307,0,3177,3103
GGAAGGTACATC,8204,1781,0,13698,12131
GCTGTGCAGCAG,1947,438,0,3121,2837
GCTTTTTTAAGC,2726,569,0,4790,10545
GCTGTTGGTTGA,21021,3827,0,33107,29156
GCTTTTTTGTTC,9758,1974,0,15844,13499
GGACGCCCCTGT,7936,2014,0,14225,11840
GGACTACTGACT,9930,2337,0,16649,14830
GGACTGCGGCTN,3610,812,0,6113,5423
GGATAAGTTGGA,6126,1291,0,10183,9347
GGCAAAACGTCC,4165,1051,0,7799,6450
GGCCACATGCAN,4230,1374,0,8878,6878
GGCAACTCCTGC,11402,2974,0,20911,17923
GGATGTACGGAC,6863,1571,0,11930,10373
GGATGGTATAGA,11945,2281,0,19038,17264
GGCCAATCGGCG,4843,586,0,6775,6616
GGCAGAATTTTG,3204,506,0,5025,4491
GGCACTGAGGGN,3005,645,0,4946,4529
GGCGCTAGCTGT,8955,2219,0,15893,13451
GGCGACTCTAAC,5847,1304,0,10012,8669
GGCCGCCTAAAG,9862,2562,0,17989,14896
GGCGCGTCAGAG,1932,288,0,2668,2621
GGCGATCCGGCG,17038,4014,0,29206,26097
GGATGCCTCAGA,5657,960,0,8426,8005
GGCGGCGCTTAN,8466,2263,0,15853,13346
GGCTAGCTCCCN,19517,4371,0,33199,28890
GGCTAGAGCCTC,7768,1716,0,13314,11526
GGCTTTGCCCGT,8130,1627,0,13480,11383
GGGAGGACATCG,4944,959,0,7893,7209
GGTGTCCGTCAC,6720,867,0,9149,8955
GGGCGACTTCGA,8837,2028,0,15560,12969
GGGTCTGACACT,4861,626,0,6903,6513
GGGAGGATTAGG,6264,1601,0,11046,9649
GGGCCACGTCTG,7713,1130,0,11129,10542
GGCTTCTTGCAG,6241,1059,0,9479,8683
GGGTGGCCAAGG,2401,206,0,3117,3136
GGGCTAAAATCA,2283,481,0,3923,4760
GGTACTTGCGAN,11542,2531,0,19720,16740
GGGGCCCCATAG,4110,965,0,7162,6071
GGTAAGTCCAGC,2386,501,0,3939,3613
GGTACTGTTGTN,4677,759,0,6853,6478
GGGTTCGACCTG,1995,428,0,3174,2867
GGTAGGCGGTTT,7027,951,0,10259,9738
GGTAGGACTCAT,12829,2501,0,20290,18580
GGCCATGGTTGC,2753,415,0,3920,3921
GGCCAGCCGAAA,3354,499,0,4859,4703
GGTATAGTTCCC,2616,579,0,4342,3831
GGTATGAAATCG,4421,734,0,6532,6272
GGTCATGCCGAN,4905,1047,0,7965,7369
GGTCTAGAAACT,7418,1077,0,10740,9930
GGTCAATCGAAC,2511,319,0,3440,3462
GGTCACACGATT,4668,578,0,6571,6287
GGTTACGCTACC,2776,469,0,4224,3961
GGTGGAGCTTTG,7648,1592,0,12375,11092
GGTGAGTGGGAN,2249,457,0,3626,3301
GGTGCCGCGAGA,3412,1102,0,6341,5462
GGTGATACGGCT,4088,478,0,5464,5614
GGTCTGTCCAAA,7040,1537,0,11740,10191
GGTCTGGCTAGC,8461,2281,0,15707,12917
GGTTTGGCCGCG,6276,1336,0,10180,9263
GTACGTTCGGAC,3332,719,0,5621,4818
GTAGAGTATACG,5350,1400,0,9980,8253
GGTCTCTAAACT,4679,867,0,7535,6576
GGTAGCCACTGC,7095,1629,0,12285,10579
GTACACTGGGCG,3510,851,0,6270,5294
GTAAAATATACA,5697,1027,0,8892,8157
GTACACGCGGAT,9634,2350,0,16740,14519
GTAAAGTACTAN,5602,1344,0,9916,8471
GGTTTTACCACG,2675,544,0,4400,3909
GTAACCATCACT,4991,841,0,7479,6940
GTAAATCACGTT,7391,1659,0,12861,10866
GTAAGAATTTCA,5205,1021,0,8483,7334
GGTCTTCGGATN,13205,3123,0,23113,19307
GGTTCGTGGCTN,9199,2026,0,15352,13376
GTAGCCAAATCN,9088,1112,0,12639,12155
GTACCCGGTAGG,7238,2005,0,13752,11087
GTAATTAAAGGT,3429,354,0,4511,4522
GTCCAAATGTCG,6233,1603,0,11179,9398
GTCCACGGCTCC,6028,1596,0,10831,9225
GTAGCGGATACG,6275,1605,0,11299,9536
GTAGGCTTAGTG,2311,588,0,4195,3511
GTAGTGGGAAAC,6831,1494,0,11556,9950
GTATGAAAAGCN,4618,652,0,6786,6328
GTCAACTCAGAN,3075,593,0,4905,4394
GTATTAAGCGAN,4339,980,0,7439,6426
GTATAACGCCAG,8172,1806,0,14014,11971
GTCACTATCTAN,3795,739,0,5995,5376
GTCATTTCGGAG,6184,745,0,8621,8319
GTCCAGGGCTTG,6648,1671,0,11730,9947
GTCTCTACTTCN,2319,287,0,3174,3082
GTCCTTAAGAAN,5006,846,0,7813,7983
GTCCTTAAAATT,4577,1088,0,7938,6537
GTCCCTAAAAGC,6229,1233,0,9889,8651
GTCCCGAGAAGG,15752,3619,0,26939,23196
GTCGAACGCCTC,2021,463,0,3387,2944
GTGAGGATGAGA,4510,493,0,6396,5957
GTCGGAGGATGN,8627,1474,0,13176,12087
GTCGCTGATTGC,8201,2259,0,15302,12343
GTCGTGGAAAGN,11789,2366,0,18868,16637
GTCGGTAAGAAA,10937,2376,0,18254,15707
GTCTAATTCACA,9937,2233,0,17105,14648
GTCTGCACACCA,2971,737,0,5241,4425
GTCTCCGTCAGC,7309,1651,0,12313,10538
GTGACAGTCAAG,6242,1472,0,10816,9226
GTCTGCGGAAAC,2598,488,0,4330,3610
GTCTGGCTAGGT,7840,1842,0,13350,11563
GTCGCTGTGGAT,9545,1840,0,15618,13581
GTCGGAAGCTCA,8981,2156,0,16264,13148
GTCGATCTTCGA,4474,783,0,7016,6226
GTGCGGATATCT,14120,2859,0,22960,20048
GTGAGGAACTCG,3219,874,0,6070,5051
GTGCTTCGCGGT,4278,1111,0,7370,6370
GTGCGCTCTTAT,2078,385,0,3138,2932
GTGCCCGAAGTN,6147,1398,0,10306,8795
GTGGCGCACGAT,2848,498,0,4354,3967
GTGGTCACTCGN,5422,1272,0,9394,7991
GTGTCGATAAAN,3687,552,0,5222,4904
GTGGTCTCTCGG,7680,1882,0,13670,11441
GTGGCGCTTAAC,3457,784,0,6100,5017
GTGGGAAGTATT,9780,1204,0,13685,12687
GTTAATGTAGGT,1998,326,0,3097,2893
GTGTGAACGTCN,11878,3196,0,21826,18043
GTCTCTCCTTCN,9480,1962,0,15890,13145
GTTCGCGTTCGT,2875,513,0,4661,3973
GTTATCGTAGGT,5456,1355,0,9578,8197
GTTCGTCAAGGT,7405,1593,0,12277,10639
GTTGATACAGTG,2513,373,0,3734,3488
GTTGTGAAAGAG,13857,2984,0,23144,20091
GTTGCCGTCCCG,9498,2457,0,16861,14222
GTTGGACTTCTA,14781,2879,0,24191,20859
TAAGAGCGGTAG,3749,980,0,6868,5959
GTTTAACACAGG,3491,484,0,5030,4776
TAAATAATAATC,1990,456,0,3488,2975
TAAGAATTAAGA,2335,409,0,3612,3421
GTTGGTGCTCCN,5720,1393,0,10095,8349
GTTGCCTTACTT,12175,2856,0,21072,17592
GTTTCAGTATTN,2769,378,0,4080,3655
GTTTCGGGACTA,6212,1319,0,10188,8960
GTTTGTACAAGA,7582,1400,0,11875,10641
GTTTTGCTTCTC,2692,419,0,3839,3641
GTTGGGTGAGAC,11849,2454,0,19432,16968
GTTTTGAGCTTC,6172,1258,0,10161,8766
GTTTTACTCCCN,8045,1744,0,13274,11441
TAACCCAGTCTT,20742,3701,0,32019,28994
TAACCTTTTACC,2518,436,0,3858,3516
TAAGAGCCTTAG,2754,651,0,4946,4172
TACAAGTCGGGC,2632,495,0,4220,4022
TAATCCTCTTTC,4381,817,0,6967,6069
TAACCCTCAGAT,5612,1288,0,9445,8379
TACATAGCGGAA,3257,416,0,4523,4480
TACACACAACGC,9575,1751,0,15081,14080
TAATGAATGCAA,2278,532,0,4037,3406
TAATTGGAATCT,4337,916,0,7119,6217
TACACTTATCCA,3131,617,0,5054,4395
TACACCAGGGAT,4477,749,0,7008,6470
TAAGGCGTGTCT,10511,1243,0,14660,14413
TAATACAGCTCG,2505,323,0,3504,3453
TACAGATACACA,2197,546,0,3943,3347
TACAGAAACGCT,4999,616,0,7158,6878
TACAGTTAAGAG,14691,3005,0,23909,21728
TACCGTATGGAG,4617,897,0,7460,6672
TACGAACGGGCA,4957,613,0,6881,6786
TACCTGAAAACA,2015,412,0,3298,2899
TACGTAGCTGTG,2328,367,0,3321,3216
TACTCCATCAGT,8419,1669,0,13773,11864
TACTTTGGACCN,2632,441,0,3981,3602
TAGAAACGCTTG,6317,1249,0,10325,9343
TACTTGGCACGT,2938,459,0,4199,3943
TAGAAATCGGTC,2828,618,0,4554,4391
TAGACTACAGTA,2039,439,0,3319,2980
TAGCAGACTCCN,1968,516,0,3753,3026
TAGCGGTTAAAC,2043,453,0,3492,2954
TAGCGGTGTACT,4492,788,0,6861,6301
TAGCCACTTGAA,4120,945,0,7278,6176
TACCGAAGGGAT,3478,577,0,5372,4876
TAGGGGTTATGC,2257,404,0,3526,3182
TAGGTGGGAGGA,5130,1140,0,8472,7493
TATAAAACTTTC,5109,860,0,7885,7637
TAGGAGGAGGCN,2635,583,0,4459,4100
TAGTTGCGCGTA,11211,2873,0,20053,16612
TATGGGATGTAT,1935,188,0,2500,2589
TATCATGCATAN,2875,641,0,4694,4250
TATCCGATGCGA,5020,801,0,7516,7105
TATACCCTATAA,2093,378,0,3381,2911
TATAGGGGTCAG,3072,732,0,5416,5046
TATGGGCAGAGT,3379,681,0,5439,4960
TATGCTAAAGAA,2585,573,0,4281,3915
TATGCGTAAAAG,5489,1147,0,9055,7973
TATGAGCTGGAC,6274,1517,0,11106,9648
TATGAATTGCCG,4186,1039,0,7291,6343
TATCGTGTCTTT,4840,1108,0,8363,6946
TAGGCATTCGAC,12822,2582,0,20864,18379
TCAACCTCGCAC,2748,273,0,3600,3667
TCATTCCGAGTA,3269,464,0,4743,4295
TATGTTGGTTAG,2634,703,0,4821,3983
TATGTTGTGCCN,1979,432,0,3332,2781
TATTGTACCCTA,2872,623,0,4791,4196
TATGTGTGAGTG,3444,703,0,5763,4988
TATTCGACCAAG,5089,1025,0,8449,7402
TATTCCGTATGN,3329,688,0,5574,4845
TATGTTTTTTCN,3432,426,0,4659,4490
TCACCGACGGAC,4085,889,0,6710,6010
TCACTCACCATC,2745,639,0,4925,4091
TCATGGCCAGGA,2586,416,0,3858,3674
TCATAATCCCTA,2837,655,0,4714,4145
TCACACGCCCTC,5335,1506,0,10110,8238
TCAAGGAGCTAT,4673,1010,0,7888,7037
TCCAAACGCTTT,2175,289,0,2975,3006
TCCAACCATGGC,2630,281,0,3666,3432
TCATTGACGTTN,16499,3458,0,27416,23558
TCCACGATTATA,2024,412,0,3284,2968
TCCATCATCGAN,2059,666,0,4493,3286
TCATTGACGGTT,7979,1352,0,11980,11029
TCCCACTAAGCC,9964,1946,0,15948,14472
TCCCATGCGCTC,2655,1430,0,8331,7193
TCCCAAAAATAC,3076,667,0,5414,4655
TCCTGCCATTGA,3597,712,0,5664,4985
TCCTTCGTTGAC,2920,523,0,4615,4015
TCCGAATTGTAT,8837,1958,0,14992,12969
TCCGCGCAGTAA,4864,1170,0,8863,7445
TCCGAGAGTGCG,17052,4174,0,29986,26574
TCCTATCTAGGT,10723,1778,0,16727,14994
TCCTGAAAAGGC,8940,1882,0,15184,12918
TCACACCGCCCA,4751,776,0,7497,7098
TCCGCGGAGGCC,3857,951,0,7089,5813
TCCTAGCAAGGT,7825,1628,0,12533,11285
TCGAACAATGGT,4811,864,0,7564,6805
TCGACGGCGCAG,2861,472,0,4164,4065
TCGATACCCCTC,2032,416,0,3330,2885
TCGAGAGACTAC,2874,512,0,4433,4025
TCGGTGTGACGN,3025,688,0,5184,4307
TCGTAAGGGCTT,4257,965,0,7195,6243
TCGTAGACACTT,3077,726,0,5396,4433
TCGCAACGGGAC,4457,799,0,7321,6605
TCGTCGCTACTC,5104,807,0,7785,6873
TCGGCCACGTTC,2572,593,0,4411,3739
TCGGATTTGGGT,2923,632,0,4850,4215
TCGCTACAGTGG,3866,884,0,6571,5671
TCGCTAGGAATC,10337,2110,0,16867,14497
TCGGCCTCGACG,5047,1414,0,9516,7709
TCGATCATCTAC,2388,6252,0,26477,347547
TCGTCGGCTGTT,3031,588,0,4992,4268
TCTCAAGCCAGN,3654,872,0,6344,5614
TCTAACATCTCT,7480,1500,0,12180,11034
TCTCCGGCTCAA,5875,1149,0,9524,8495
TCTGACCTTTTC,3493,407,0,4876,4549
TCTTTGCCGCAA,1925,316,0,2839,2586
TCTGACATAGGT,3185,726,0,5148,4604
TCTCTGAATCGA,4644,857,0,7442,6375
TCTTTAACGATN,2468,535,0,4064,3532
TCTTATTAATTC,2287,487,0,3794,3310
TGAAGGCGCTTT,3765,608,0,5626,5202
TCTTATAGTGAT,1939,438,0,3251,2940
TGACATAGCCTT,2895,580,0,4715,4081
TCTTACTTTGAN,2071,507,0,3667,3056
TCTGTTCGAGAA,4871,724,0,7254,6538
TGACGGGACCAN,7453,1575,0,12275,10744
TGAGAACGCTAA,8045,1334,0,12371,11125
TGAACCAGAGCG,3564,889,0,6440,5430
TGATAAAGTCGG,3245,561,0,4982,4742
TGAAGGATCGTA,2713,317,0,3707,3692
TGAACTATCGGA,4815,891,0,7622,6983
TCTCAATATCGC,1962,265,0,2847,2738
TGATGGGACGTT,2154,254,0,3134,2843
TGATAATGGAGC,2832,549,0,4570,4240
TGATAACCTCGC,6888,1649,0,12030,10391
TGCATGCCAGGA,9917,1957,0,16310,14160
TGCATGCAAATC,9711,1403,0,13677,13142
TGATTATCTCAA,2263,480,0,3635,3223
TGATTGTGTTGA,3535,496,0,4977,4709
TGATTTCTGTTT,13960,2622,0,22580,19624
TGCTCGAGGTCG,3781,687,0,5770,5242
TGCAAGAGGATN,6715,1291,0,11049,10256
TGCAAGCCGCGA,6279,1245,0,9575,9102
TGCTGGTACTAT,5354,1461,0,9769,8044
TGAATAGTTAGG,4970,1032,0,8200,7260
TGACATCTAAGC,6666,1211,0,10437,9605
TGCATGCCCTCT,23745,3871,0,36189,32295
TGGCACGTGAAC,4247,811,0,6930,6230
TGCCCCTCTACA,4046,767,0,6554,5719
TGCCTCTTAGCA,10879,2631,0,19696,16011
TGGCTGTTCCGA,3658,810,0,5998,5251
TGGTTTCGCACG,2283,547,0,4097,3424
TGGCTAGAACCC,1974,440,0,3271,2783
TGTAGAATATCG,7284,1464,0,11807,10693
TGGTTTTAGAAT,9800,2161,0,16842,14115
TGGCGACGTGTC,5459,1224,0,9371,7942
TGGCCAGACTGA,5158,1127,0,8648,7485
TGGACACGGTCT,3244,818,0,6009,4925
TGGAGAAGCCTC,7635,1846,0,13542,11361
TGTACCAAACGC,6174,1110,0,9639,8760
TGCTACTTGTTA,5745,1386,0,9811,8449
TGTCCACTGACC,5585,1280,0,9697,8254
TTAAGAACGCAG,5318,1127,0,8722,7785
TGTTCACCTTTG,3711,760,0,6320,5270
TTACCCGCTTAN,4345,926,0,7127,6174
TGTTCAGCAACT,7419,1554,0,12086,10645
TTAATGCAAATT,3424,798,0,5918,4978
TGTTAATCTCTG,2271,367,0,3362,3180
TGTGTCATTAAG,2795,445,0,4225,3791
TTAATGAACGCA,5704,1218,0,9442,8385
TGTCGTTAGAGC,4668,1002,0,7956,6772
TTAAAGGTAGCA,2529,526,0,4141,3706
TGTGAAGATAAG,3591,725,0,5604,5132
TTAGCCTCTGGN,3763,811,0,6098,5410
TTAGAGTCCTCC,7750,1294,0,11948,10792
TTCATTTTTACC,2694,598,0,4581,3844
TTAGGGAACCCG,5767,1467,0,10201,8684
TTAGCGAGTCTG,9647,1082,0,13272,12797
TTACGATAGATC,4722,929,0,7512,6654
TTATCCATTATA,2145,416,0,3548,2961
TTATATGCCTGG,7076,1410,0,11324,10234
TTATTGTTACGA,2042,249,0,2775,2690
TTCAAGGTGAAC,2787,449,0,4325,3941
TTCCAGCGAGGT,8095,1716,0,13504,11786
TTCGAGATGCCT,9491,2106,0,16170,14052
TTCTCCGACTGT,14056,2597,0,22282,19226
TTCCCTGTCCAC,8120,1880,0,13830,11707
TTCCTTAGCGGT,3787,707,0,6061,5246
TTCATTTACCGG,3790,714,0,5963,5237
TTCTCGCTTCGA,4728,1009,0,7924,6643
TTCGCAAGGGCA,3554,707,0,5711,5040
TTCGCTCCCTCC,8720,1992,0,15038,12616
TTGTACTATGTT,3421,546,0,5158,4662
TTGCAGCATGGT,2080,366,0,3159,2900
TTGACGCCGTTC,4398,614,0,6441,5939
TTTAATCGTGGA,2989,642,0,5014,4404
TTCGTAGTATGG,7875,1921,0,13813,11487
TTCCCCCACAGG,5995,1504,0,10850,8847
TTGCGGGCGGCC,2729,738,0,5147,4162
TTGGAATATCCC,2954,751,0,5388,4277
TTGCTGCCTTAN,3788,789,0,6377,5371
TTGGTGCCGTAA,6202,750,0,8729,8172
TTTACCTTGTAT,4470,573,0,6257,5858
TTTACTAGTTTG,3106,349,0,4247,4130
TTTCTTCTGCTG,2825,518,0,4620,3901
TTGCGCCTAAGA,2828,578,0,4589,3971
TTGGCGAGGGTG,2829,484,0,4217,3946
TTGCCATCGCAA,7683,1577,0,12920,10786
TTGTGTTTCGAG,3457,604,0,5409,4623
TTGTGACGATAA,3208,584,0,4785,4404
TTGTGGCTCCTC,3137,491,0,4780,4195
TTTTTTTAAGCA,4149,1243,0,8782,12832
TTTTTAGCCGCC,6708,1392,0,11147,9587
TTGTCGTTCCCC,2650,677,0,4757,3934
TTTAGACGAATG,3240,653,0,5303,4680
TTTTTTTGGTGT,5439,593,0,7390,7086
TTTGAGGACAAG,2436,614,0,4269,3663
TTTGAACCCCAG,4263,661,0,6450,5745
TTTCACTTCGCN,2069,420,0,3333,2911
TTTATCCCAAGG,2163,289,0,2974,2922
TTTATGGTCTGN,2752,571,0,4485,4028
